matriz,dimensoes,versao,n_threads,grade,repeticoes,tempo_mediano_ms,tempo_csv_mediano_ms,objetos,speedup_vs_seq,eficiencia,preparo_mediano_ms,fase2_mediana_ms,fase3_mediana_ms,fase4_mediana_ms
rand30_2000x2000.txt,2000x2000,seq,1,-,10,117.370,117.370,188187,1.000,,,,,
rand30_2000x2000.txt,2000x2000,par,1,1x1,10,288.509,270.039,188187,0.407,0.407,16.723,124.917,107.158,32.317
rand30_2000x2000.txt,2000x2000,par,2,2x1,10,232.888,217.274,188187,0.504,0.252,16.328,66.739,114.258,33.243
rand30_2000x2000.txt,2000x2000,par,4,2x2,10,201.158,185.132,188187,0.583,0.146,16.427,36.995,115.648,31.506
rand30_2000x2000.txt,2000x2000,par,8,4x2,10,186.577,171.505,188187,0.629,0.079,16.367,22.207,115.719,32.041
rand30_2000x2000.txt,2000x2000,par,16,4x4,10,188.908,172.332,188187,0.621,0.039,17.369,20.153,119.200,33.107
rand05_2000x2000.txt,2000x2000,seq,1,-,10,16.137,16.137,162008,1.000,,,,,
rand05_2000x2000.txt,2000x2000,par,1,1x1,10,52.877,37.584,162008,0.305,0.305,14.492,14.920,13.706,9.327
rand05_2000x2000.txt,2000x2000,par,2,2x1,10,48.943,33.657,162008,0.330,0.165,15.900,9.293,14.088,9.688
rand05_2000x2000.txt,2000x2000,par,4,2x2,10,46.170,30.169,162008,0.350,0.087,15.971,5.035,14.495,9.957
rand05_2000x2000.txt,2000x2000,par,8,4x2,10,42.359,27.937,162008,0.381,0.048,14.587,3.147,14.759,10.052
rand05_2000x2000.txt,2000x2000,par,16,4x4,10,43.034,27.335,162008,0.375,0.023,14.616,2.620,14.762,9.907
blocos_2000x2000.txt,2000x2000,seq,1,-,10,62.130,62.130,97,1.000,,,,,
blocos_2000x2000.txt,2000x2000,par,1,1x1,10,197.453,180.291,97,0.315,0.315,15.928,65.250,104.264,10.390
blocos_2000x2000.txt,2000x2000,par,2,2x1,10,169.022,154.377,97,0.368,0.184,17.854,38.173,108.181,10.288
blocos_2000x2000.txt,2000x2000,par,4,2x2,10,175.358,157.864,97,0.354,0.089,17.417,20.873,127.606,10.763
blocos_2000x2000.txt,2000x2000,par,8,4x2,10,153.026,138.572,97,0.406,0.051,14.272,12.370,117.142,10.080
blocos_2000x2000.txt,2000x2000,par,16,4x4,10,163.676,146.626,97,0.380,0.024,16.729,12.140,124.502,10.563
uns_2000x2000.txt,2000x2000,seq,1,-,10,106.315,106.315,1,1.000,,,,,
uns_2000x2000.txt,2000x2000,par,1,1x1,10,346.569,332.486,1,0.307,0.307,16.291,127.259,194.403,8.976
uns_2000x2000.txt,2000x2000,par,2,2x1,10,303.475,288.264,1,0.350,0.175,15.314,69.931,208.846,9.736
uns_2000x2000.txt,2000x2000,par,4,2x2,10,288.880,272.388,1,0.368,0.092,17.401,36.978,226.845,9.942
uns_2000x2000.txt,2000x2000,par,8,4x2,10,279.034,264.428,1,0.381,0.048,14.921,25.428,228.785,11.009
uns_2000x2000.txt,2000x2000,par,16,4x4,10,281.523,267.017,1,0.378,0.024,14.310,18.285,239.096,10.822
rand30_4000x4000.txt,4000x4000,seq,1,-,5,505.149,505.149,756558,1.000,,,,,
rand30_4000x4000.txt,4000x4000,par,1,1x1,5,1115.710,1042.433,756558,0.453,0.453,65.773,489.506,429.968,117.179
rand30_4000x4000.txt,4000x4000,par,2,2x1,5,879.127,814.214,756558,0.575,0.287,64.913,264.281,419.798,120.924
rand30_4000x4000.txt,4000x4000,par,4,2x2,5,737.709,673.802,756558,0.685,0.171,63.306,142.102,418.147,121.053
rand30_4000x4000.txt,4000x4000,par,8,4x2,5,708.359,643.813,756558,0.713,0.089,64.547,93.703,422.744,123.850
rand30_4000x4000.txt,4000x4000,par,16,4x4,5,685.217,620.110,756558,0.737,0.046,61.296,67.900,432.309,126.809
