matriz,dimensoes,versao,n_threads,grade,rep,tempo_ms,objetos,preparo_ms,fase2_ms,fase3_ms,fase4_ms
rand30_2000x2000.txt,2000x2000,seq,1,-,1,118.777,188187,,,,
rand30_2000x2000.txt,2000x2000,par,1,1x1,1,278.847,188187,16.712,123.878,122.318,32.651
rand30_2000x2000.txt,2000x2000,par,2,2x1,1,224.622,188187,15.613,70.155,120.731,33.736
rand30_2000x2000.txt,2000x2000,par,4,2x2,1,190.633,188187,17.973,39.088,120.262,31.282
rand30_2000x2000.txt,2000x2000,par,8,4x2,1,189.077,188187,21.462,25.260,133.111,30.706
rand30_2000x2000.txt,2000x2000,par,16,4x4,1,192.115,188187,19.713,22.643,132.236,37.236
rand30_2000x2000.txt,2000x2000,seq,1,-,2,133.729,188187,,,,
rand30_2000x2000.txt,2000x2000,par,1,1x1,2,271.705,188187,16.906,142.058,95.531,34.116
rand30_2000x2000.txt,2000x2000,par,2,2x1,2,228.806,188187,18.774,78.057,118.523,32.226
rand30_2000x2000.txt,2000x2000,par,4,2x2,2,185.772,188187,16.619,37.361,116.710,31.701
rand30_2000x2000.txt,2000x2000,par,8,4x2,2,182.942,188187,18.203,24.790,125.966,32.185
rand30_2000x2000.txt,2000x2000,par,16,4x4,2,190.538,188187,18.885,19.699,130.660,40.179
rand30_2000x2000.txt,2000x2000,seq,1,-,3,115.962,188187,,,,
rand30_2000x2000.txt,2000x2000,par,1,1x1,3,247.866,188187,17.995,113.162,104.564,30.140
rand30_2000x2000.txt,2000x2000,par,2,2x1,3,217.954,188187,17.043,66.533,114.356,37.065
rand30_2000x2000.txt,2000x2000,par,4,2x2,3,206.696,188187,14.756,37.309,130.454,38.933
rand30_2000x2000.txt,2000x2000,par,8,4x2,3,276.028,188187,25.254,37.468,181.451,57.108
rand30_2000x2000.txt,2000x2000,par,16,4x4,3,186.587,188187,21.553,20.777,130.818,34.993
rand30_2000x2000.txt,2000x2000,seq,1,-,4,139.613,188187,,,,
rand30_2000x2000.txt,2000x2000,par,1,1x1,4,312.708,188187,16.135,146.384,130.002,36.321
rand30_2000x2000.txt,2000x2000,par,2,2x1,4,283.012,188187,21.850,76.697,164.671,41.643
rand30_2000x2000.txt,2000x2000,par,4,2x2,4,253.178,188187,25.906,50.445,162.664,40.069
rand30_2000x2000.txt,2000x2000,par,8,4x2,4,213.700,188187,20.352,25.132,147.343,41.225
rand30_2000x2000.txt,2000x2000,par,16,4x4,4,205.260,188187,19.882,23.419,142.824,39.016
rand30_2000x2000.txt,2000x2000,seq,1,-,5,126.696,188187,,,,
rand30_2000x2000.txt,2000x2000,par,1,1x1,5,312.691,188187,19.880,141.910,131.996,38.786
rand30_2000x2000.txt,2000x2000,par,2,2x1,5,226.634,188187,17.863,66.945,124.088,35.600
rand30_2000x2000.txt,2000x2000,par,4,2x2,5,209.429,188187,17.314,37.024,135.094,37.311
rand30_2000x2000.txt,2000x2000,par,8,4x2,5,172.147,188187,15.492,21.134,113.990,37.022
rand30_2000x2000.txt,2000x2000,par,16,4x4,5,156.525,188187,14.609,16.170,113.424,26.931
rand30_2000x2000.txt,2000x2000,seq,1,-,6,115.216,188187,,,,
rand30_2000x2000.txt,2000x2000,par,1,1x1,6,247.926,188187,16.016,110.110,106.433,31.383
rand30_2000x2000.txt,2000x2000,par,2,2x1,6,201.584,188187,13.803,65.147,105.930,30.507
rand30_2000x2000.txt,2000x2000,par,4,2x2,6,166.944,188187,16.235,36.966,102.797,27.181
rand30_2000x2000.txt,2000x2000,par,8,4x2,6,162.533,188187,15.160,23.044,107.591,31.898
rand30_2000x2000.txt,2000x2000,par,16,4x4,6,158.639,188187,17.402,14.296,113.069,31.274
rand30_2000x2000.txt,2000x2000,seq,1,-,7,120.132,188187,,,,
rand30_2000x2000.txt,2000x2000,par,1,1x1,7,271.673,188187,16.734,125.956,113.735,31.982
rand30_2000x2000.txt,2000x2000,par,2,2x1,7,201.510,188187,14.344,66.111,102.647,32.751
rand30_2000x2000.txt,2000x2000,par,4,2x2,7,174.125,188187,14.808,36.819,108.574,28.731
rand30_2000x2000.txt,2000x2000,par,8,4x2,7,162.145,188187,17.241,21.370,112.742,28.033
rand30_2000x2000.txt,2000x2000,par,16,4x4,7,161.150,188187,14.848,17.466,114.789,28.894
rand30_2000x2000.txt,2000x2000,seq,1,-,8,111.658,188187,,,,
rand30_2000x2000.txt,2000x2000,par,1,1x1,8,240.531,188187,15.748,109.442,104.328,26.760
rand30_2000x2000.txt,2000x2000,par,2,2x1,8,199.021,188187,14.147,66.304,101.225,31.492
rand30_2000x2000.txt,2000x2000,par,4,2x2,8,171.642,188187,15.932,34.565,105.766,31.311
rand30_2000x2000.txt,2000x2000,par,8,4x2,8,170.862,188187,14.652,19.944,117.449,33.470
rand30_2000x2000.txt,2000x2000,par,16,4x4,8,176.402,188187,17.335,20.998,120.464,34.940
rand30_2000x2000.txt,2000x2000,seq,1,-,9,115.485,188187,,,,
rand30_2000x2000.txt,2000x2000,par,1,1x1,9,234.463,188187,14.884,111.411,95.480,27.572
rand30_2000x2000.txt,2000x2000,par,2,2x1,9,200.707,188187,17.243,65.600,107.377,27.730
rand30_2000x2000.txt,2000x2000,par,4,2x2,9,173.726,188187,17.321,36.907,108.874,27.945
rand30_2000x2000.txt,2000x2000,par,8,4x2,9,154.247,188187,13.754,19.946,106.060,28.240
rand30_2000x2000.txt,2000x2000,par,16,4x4,9,157.990,188187,17.057,12.634,117.226,28.130
rand30_2000x2000.txt,2000x2000,seq,1,-,10,111.178,188187,,,,
rand30_2000x2000.txt,2000x2000,par,1,1x1,10,268.405,188187,23.249,127.144,107.883,33.377
rand30_2000x2000.txt,2000x2000,par,2,2x1,10,216.594,188187,14.187,68.399,114.160,34.034
rand30_2000x2000.txt,2000x2000,par,4,2x2,10,184.493,188187,15.432,36.725,114.586,33.182
rand30_2000x2000.txt,2000x2000,par,8,4x2,10,158.764,188187,14.036,19.893,110.303,28.567
rand30_2000x2000.txt,2000x2000,par,16,4x4,10,168.262,188187,15.817,20.606,117.935,29.721
rand05_2000x2000.txt,2000x2000,seq,1,-,1,14.440,162008,,,,
rand05_2000x2000.txt,2000x2000,par,1,1x1,1,40.592,162008,14.804,16.792,14.228,9.572
rand05_2000x2000.txt,2000x2000,par,2,2x1,1,33.298,162008,14.792,9.936,13.958,9.404
rand05_2000x2000.txt,2000x2000,par,4,2x2,1,27.780,162008,15.820,4.737,14.040,9.003
rand05_2000x2000.txt,2000x2000,par,8,4x2,1,28.919,162008,17.002,3.253,15.167,10.499
rand05_2000x2000.txt,2000x2000,par,16,4x4,1,30.204,162008,14.199,3.477,16.131,10.595
rand05_2000x2000.txt,2000x2000,seq,1,-,2,14.316,162008,,,,
rand05_2000x2000.txt,2000x2000,par,1,1x1,2,39.087,162008,13.652,14.251,14.304,10.532
rand05_2000x2000.txt,2000x2000,par,2,2x1,2,29.334,162008,14.254,7.631,12.809,8.893
rand05_2000x2000.txt,2000x2000,par,4,2x2,2,28.924,162008,16.452,5.201,14.292,9.430
rand05_2000x2000.txt,2000x2000,par,8,4x2,2,28.588,162008,18.130,3.421,14.678,10.488
rand05_2000x2000.txt,2000x2000,par,16,4x4,2,27.663,162008,15.491,2.785,14.919,9.958
rand05_2000x2000.txt,2000x2000,seq,1,-,3,17.546,162008,,,,
rand05_2000x2000.txt,2000x2000,par,1,1x1,3,37.992,162008,15.024,14.749,14.005,9.238
rand05_2000x2000.txt,2000x2000,par,2,2x1,3,31.237,162008,15.185,7.887,14.131,9.219
rand05_2000x2000.txt,2000x2000,par,4,2x2,3,30.361,162008,14.233,4.837,15.000,10.523
rand05_2000x2000.txt,2000x2000,par,8,4x2,3,27.207,162008,13.760,2.765,14.340,10.102
rand05_2000x2000.txt,2000x2000,par,16,4x4,3,24.896,162008,13.301,2.467,13.125,9.303
rand05_2000x2000.txt,2000x2000,seq,1,-,4,16.566,162008,,,,
rand05_2000x2000.txt,2000x2000,par,1,1x1,4,37.161,162008,14.983,15.195,12.692,9.275
rand05_2000x2000.txt,2000x2000,par,2,2x1,4,37.564,162008,16.438,10.303,15.342,11.919
rand05_2000x2000.txt,2000x2000,par,4,2x2,4,30.458,162008,18.693,5.682,14.864,9.912
rand05_2000x2000.txt,2000x2000,par,8,4x2,4,28.112,162008,13.962,3.448,14.840,9.824
rand05_2000x2000.txt,2000x2000,par,16,4x4,4,25.653,162008,14.377,2.117,13.717,9.819
rand05_2000x2000.txt,2000x2000,seq,1,-,5,14.074,162008,,,,
rand05_2000x2000.txt,2000x2000,par,1,1x1,5,40.562,162008,14.165,15.911,14.653,9.998
rand05_2000x2000.txt,2000x2000,par,2,2x1,5,34.017,162008,15.779,9.280,14.046,10.691
rand05_2000x2000.txt,2000x2000,par,4,2x2,5,29.978,162008,16.122,5.321,14.487,10.170
rand05_2000x2000.txt,2000x2000,par,8,4x2,5,27.554,162008,15.091,2.883,14.669,10.002
rand05_2000x2000.txt,2000x2000,par,16,4x4,5,27.461,162008,15.454,2.558,14.608,10.295
rand05_2000x2000.txt,2000x2000,seq,1,-,6,17.766,162008,,,,
rand05_2000x2000.txt,2000x2000,par,1,1x1,6,37.175,162008,16.393,15.091,13.407,8.676
rand05_2000x2000.txt,2000x2000,par,2,2x1,6,30.538,162008,13.530,7.673,13.338,9.527
rand05_2000x2000.txt,2000x2000,par,4,2x2,6,28.477,162008,18.109,5.478,13.988,9.011
rand05_2000x2000.txt,2000x2000,par,8,4x2,6,28.808,162008,14.924,3.347,14.928,10.532
rand05_2000x2000.txt,2000x2000,par,16,4x4,6,29.217,162008,14.409,3.051,16.022,10.144
rand05_2000x2000.txt,2000x2000,seq,1,-,7,13.679,162008,,,,
rand05_2000x2000.txt,2000x2000,par,1,1x1,7,36.043,162008,14.180,14.444,12.220,9.379
rand05_2000x2000.txt,2000x2000,par,2,2x1,7,35.033,162008,18.664,9.306,15.185,10.543
rand05_2000x2000.txt,2000x2000,par,4,2x2,7,31.968,162008,18.189,4.841,15.665,11.462
rand05_2000x2000.txt,2000x2000,par,8,4x2,7,27.762,162008,14.250,2.793,14.380,10.590
rand05_2000x2000.txt,2000x2000,par,16,4x4,7,27.093,162008,16.303,2.863,14.462,9.769
rand05_2000x2000.txt,2000x2000,seq,1,-,8,18.247,162008,,,,
rand05_2000x2000.txt,2000x2000,par,1,1x1,8,36.371,162008,13.602,14.348,12.755,9.268
rand05_2000x2000.txt,2000x2000,par,2,2x1,8,32.065,162008,16.021,9.257,13.625,9.183
rand05_2000x2000.txt,2000x2000,par,4,2x2,8,28.522,162008,15.364,4.752,14.157,9.613
rand05_2000x2000.txt,2000x2000,par,8,4x2,8,27.665,162008,14.031,3.040,14.886,9.738
rand05_2000x2000.txt,2000x2000,par,16,4x4,8,26.190,162008,13.649,2.614,13.992,9.584
rand05_2000x2000.txt,2000x2000,seq,1,-,9,16.817,162008,,,,
rand05_2000x2000.txt,2000x2000,par,1,1x1,9,34.689,162008,13.928,13.982,12.118,8.589
rand05_2000x2000.txt,2000x2000,par,2,2x1,9,38.432,162008,17.630,10.754,16.545,11.132
rand05_2000x2000.txt,2000x2000,par,4,2x2,9,30.821,162008,15.419,5.733,15.087,10.001
rand05_2000x2000.txt,2000x2000,par,8,4x2,9,27.136,162008,14.069,2.952,14.372,9.812
rand05_2000x2000.txt,2000x2000,par,16,4x4,9,27.209,162008,14.822,2.408,14.917,9.884
rand05_2000x2000.txt,2000x2000,seq,1,-,10,15.708,162008,,,,
rand05_2000x2000.txt,2000x2000,par,1,1x1,10,42.495,162008,18.938,17.486,14.767,10.243
rand05_2000x2000.txt,2000x2000,par,2,2x1,10,34.082,162008,18.177,9.666,14.568,9.848
rand05_2000x2000.txt,2000x2000,par,4,2x2,10,30.558,162008,15.740,4.869,14.503,11.186
rand05_2000x2000.txt,2000x2000,par,8,4x2,10,28.502,162008,17.437,3.707,14.962,9.832
rand05_2000x2000.txt,2000x2000,par,16,4x4,10,28.334,162008,16.617,2.627,15.776,9.931
blocos_2000x2000.txt,2000x2000,seq,1,-,1,61.726,97,,,,
blocos_2000x2000.txt,2000x2000,par,1,1x1,1,159.988,97,16.318,58.830,90.892,10.266
blocos_2000x2000.txt,2000x2000,par,2,2x1,1,153.963,97,14.234,38.262,105.084,10.618
blocos_2000x2000.txt,2000x2000,par,4,2x2,1,149.874,97,17.743,19.995,120.581,9.298
blocos_2000x2000.txt,2000x2000,par,8,4x2,1,131.281,97,13.768,11.566,110.710,9.004
blocos_2000x2000.txt,2000x2000,par,16,4x4,1,135.346,97,16.410,8.736,117.764,8.846
blocos_2000x2000.txt,2000x2000,seq,1,-,2,54.746,97,,,,
blocos_2000x2000.txt,2000x2000,par,1,1x1,2,164.259,97,15.537,58.464,95.559,10.236
blocos_2000x2000.txt,2000x2000,par,2,2x1,2,154.792,97,13.939,36.863,109.604,8.325
blocos_2000x2000.txt,2000x2000,par,4,2x2,2,159.772,97,17.898,23.126,126.231,10.414
blocos_2000x2000.txt,2000x2000,par,8,4x2,2,151.674,97,16.307,12.999,128.989,9.687
blocos_2000x2000.txt,2000x2000,par,16,4x4,2,138.856,97,15.108,11.833,116.559,10.464
blocos_2000x2000.txt,2000x2000,seq,1,-,3,48.939,97,,,,
blocos_2000x2000.txt,2000x2000,par,1,1x1,3,170.308,97,15.482,59.301,101.823,9.184
blocos_2000x2000.txt,2000x2000,par,2,2x1,3,145.348,97,17.145,35.504,101.688,8.156
blocos_2000x2000.txt,2000x2000,par,4,2x2,3,182.708,97,14.680,20.819,139.520,22.369
blocos_2000x2000.txt,2000x2000,par,8,4x2,3,136.392,97,14.931,14.579,110.295,11.517
blocos_2000x2000.txt,2000x2000,par,16,4x4,3,156.830,97,18.460,11.901,133.854,11.074
blocos_2000x2000.txt,2000x2000,seq,1,-,4,63.122,97,,,,
blocos_2000x2000.txt,2000x2000,par,1,1x1,4,195.935,97,17.934,65.611,119.063,11.261
blocos_2000x2000.txt,2000x2000,par,2,2x1,4,179.384,97,18.456,38.886,129.674,10.824
blocos_2000x2000.txt,2000x2000,par,4,2x2,4,171.511,97,18.082,26.082,134.317,11.112
blocos_2000x2000.txt,2000x2000,par,8,4x2,4,156.446,97,18.150,13.717,131.731,10.998
blocos_2000x2000.txt,2000x2000,par,16,4x4,4,158.714,97,17.607,12.767,134.649,11.297
blocos_2000x2000.txt,2000x2000,seq,1,-,5,62.533,97,,,,
blocos_2000x2000.txt,2000x2000,par,1,1x1,5,193.780,97,17.634,66.798,116.301,10.681
blocos_2000x2000.txt,2000x2000,par,2,2x1,5,172.979,97,18.274,38.084,124.076,10.819
blocos_2000x2000.txt,2000x2000,par,4,2x2,5,164.756,97,17.872,20.927,132.483,11.347
blocos_2000x2000.txt,2000x2000,par,8,4x2,5,156.978,97,16.828,13.228,132.520,11.229
blocos_2000x2000.txt,2000x2000,par,16,4x4,5,159.137,97,17.707,12.418,134.007,12.711
blocos_2000x2000.txt,2000x2000,seq,1,-,6,68.929,97,,,,
blocos_2000x2000.txt,2000x2000,par,1,1x1,6,207.940,97,18.591,73.152,123.435,11.352
blocos_2000x2000.txt,2000x2000,par,2,2x1,6,212.079,97,25.450,66.795,133.787,11.498
blocos_2000x2000.txt,2000x2000,par,4,2x2,6,213.610,97,18.028,22.168,177.979,13.463
blocos_2000x2000.txt,2000x2000,par,8,4x2,6,131.985,97,14.244,12.174,109.430,10.380
blocos_2000x2000.txt,2000x2000,par,16,4x4,6,134.002,97,14.765,7.558,117.144,9.300
blocos_2000x2000.txt,2000x2000,seq,1,-,7,51.697,97,,,,
blocos_2000x2000.txt,2000x2000,par,1,1x1,7,178.915,97,14.238,66.154,104.369,8.392
blocos_2000x2000.txt,2000x2000,par,2,2x1,7,148.819,97,14.311,34.505,105.310,9.003
blocos_2000x2000.txt,2000x2000,par,4,2x2,7,137.655,97,14.214,16.994,111.871,8.791
blocos_2000x2000.txt,2000x2000,par,8,4x2,7,134.844,97,13.603,10.639,114.425,9.780
blocos_2000x2000.txt,2000x2000,par,16,4x4,7,152.210,97,14.421,12.380,128.046,11.784
blocos_2000x2000.txt,2000x2000,seq,1,-,8,62.739,97,,,,
blocos_2000x2000.txt,2000x2000,par,1,1x1,8,235.718,97,14.215,63.918,161.285,10.515
blocos_2000x2000.txt,2000x2000,par,2,2x1,8,192.850,97,19.785,44.865,138.296,9.688
blocos_2000x2000.txt,2000x2000,par,4,2x2,8,155.957,97,17.091,18.181,128.982,8.793
blocos_2000x2000.txt,2000x2000,par,8,4x2,8,130.942,97,14.300,11.460,110.755,8.726
blocos_2000x2000.txt,2000x2000,par,16,4x4,8,137.855,97,16.151,14.651,114.669,8.534
blocos_2000x2000.txt,2000x2000,seq,1,-,9,51.873,97,,,,
blocos_2000x2000.txt,2000x2000,par,1,1x1,9,172.076,97,14.201,64.889,96.632,10.555
blocos_2000x2000.txt,2000x2000,par,2,2x1,9,151.228,97,18.087,34.016,106.758,10.453
blocos_2000x2000.txt,2000x2000,par,4,2x2,9,142.283,97,16.933,20.598,111.414,10.271
blocos_2000x2000.txt,2000x2000,par,8,4x2,9,151.947,97,13.730,12.567,128.109,11.271
blocos_2000x2000.txt,2000x2000,par,16,4x4,9,150.440,97,17.048,9.301,130.478,10.662
blocos_2000x2000.txt,2000x2000,seq,1,-,10,62.858,97,,,,
blocos_2000x2000.txt,2000x2000,par,1,1x1,10,181.667,97,20.086,68.784,104.159,8.724
blocos_2000x2000.txt,2000x2000,par,2,2x1,10,151.054,97,17.621,38.357,102.573,10.123
blocos_2000x2000.txt,2000x2000,par,4,2x2,10,147.248,97,13.990,22.694,113.160,11.394
blocos_2000x2000.txt,2000x2000,par,8,4x2,10,140.752,97,13.978,11.658,119.860,9.235
blocos_2000x2000.txt,2000x2000,par,16,4x4,10,142.813,97,17.908,12.410,120.959,9.444
uns_2000x2000.txt,2000x2000,seq,1,-,1,100.599,1,,,,
uns_2000x2000.txt,2000x2000,par,1,1x1,1,315.022,1,17.197,115.360,190.236,9.426
uns_2000x2000.txt,2000x2000,par,2,2x1,1,289.859,1,15.520,70.113,209.111,10.634
uns_2000x2000.txt,2000x2000,par,4,2x2,1,303.189,1,21.247,43.492,248.158,11.538
uns_2000x2000.txt,2000x2000,par,8,4x2,1,258.559,1,15.494,26.680,219.703,12.176
uns_2000x2000.txt,2000x2000,par,16,4x4,1,303.821,1,13.320,18.066,274.283,11.471
uns_2000x2000.txt,2000x2000,seq,1,-,2,106.620,1,,,,
uns_2000x2000.txt,2000x2000,par,1,1x1,2,331.197,1,14.100,130.635,192.663,7.899
uns_2000x2000.txt,2000x2000,par,2,2x1,2,288.124,1,16.198,69.613,208.950,9.561
uns_2000x2000.txt,2000x2000,par,4,2x2,2,273.482,1,17.392,33.745,229.678,10.059
uns_2000x2000.txt,2000x2000,par,8,4x2,2,278.520,1,14.232,26.371,240.923,11.226
uns_2000x2000.txt,2000x2000,par,16,4x4,2,266.392,1,13.940,16.814,238.569,11.009
uns_2000x2000.txt,2000x2000,seq,1,-,3,113.865,1,,,,
uns_2000x2000.txt,2000x2000,par,1,1x1,3,400.180,1,18.444,145.515,243.828,10.837
uns_2000x2000.txt,2000x2000,par,2,2x1,3,285.608,1,15.721,66.917,208.787,9.903
uns_2000x2000.txt,2000x2000,par,4,2x2,3,268.047,1,17.067,38.270,219.979,9.799
uns_2000x2000.txt,2000x2000,par,8,4x2,3,248.344,1,14.023,23.239,215.723,9.382
uns_2000x2000.txt,2000x2000,par,16,4x4,3,267.395,1,14.591,16.944,240.384,10.067
uns_2000x2000.txt,2000x2000,seq,1,-,4,101.502,1,,,,
uns_2000x2000.txt,2000x2000,par,1,1x1,4,302.291,1,13.661,105.819,187.704,8.768
uns_2000x2000.txt,2000x2000,par,2,2x1,4,283.722,1,14.878,69.932,204.234,9.557
uns_2000x2000.txt,2000x2000,par,4,2x2,4,292.419,1,17.723,41.651,240.930,9.837
uns_2000x2000.txt,2000x2000,par,8,4x2,4,265.762,1,13.923,25.605,228.358,11.800
uns_2000x2000.txt,2000x2000,par,16,4x4,4,251.581,1,14.199,17.067,225.551,8.963
uns_2000x2000.txt,2000x2000,seq,1,-,5,96.762,1,,,,
uns_2000x2000.txt,2000x2000,par,1,1x1,5,333.862,1,18.442,132.156,193.828,7.878
uns_2000x2000.txt,2000x2000,par,2,2x1,5,284.617,1,15.109,67.785,207.391,9.441
uns_2000x2000.txt,2000x2000,par,4,2x2,5,271.293,1,16.638,33.780,227.570,9.942
uns_2000x2000.txt,2000x2000,par,8,4x2,5,274.409,1,14.528,25.753,238.164,10.493
uns_2000x2000.txt,2000x2000,par,16,4x4,5,266.639,1,14.421,17.832,237.195,11.612
uns_2000x2000.txt,2000x2000,seq,1,-,6,113.812,1,,,,
uns_2000x2000.txt,2000x2000,par,1,1x1,6,336.440,1,18.536,131.254,194.977,10.208
uns_2000x2000.txt,2000x2000,par,2,2x1,6,288.404,1,14.223,69.930,208.905,9.569
uns_2000x2000.txt,2000x2000,par,4,2x2,6,257.996,1,15.432,34.156,214.464,9.376
uns_2000x2000.txt,2000x2000,par,8,4x2,6,252.266,1,16.651,24.556,218.057,9.653
uns_2000x2000.txt,2000x2000,par,16,4x4,6,262.143,1,13.945,20.110,231.397,10.635
uns_2000x2000.txt,2000x2000,seq,1,-,7,106.010,1,,,,
uns_2000x2000.txt,2000x2000,par,1,1x1,7,390.504,1,19.881,155.437,226.171,8.896
uns_2000x2000.txt,2000x2000,par,2,2x1,7,298.851,1,14.937,67.412,219.529,11.909
uns_2000x2000.txt,2000x2000,par,4,2x2,7,324.078,1,20.083,37.366,275.516,11.195
uns_2000x2000.txt,2000x2000,par,8,4x2,7,292.977,1,15.431,25.159,254.552,13.266
uns_2000x2000.txt,2000x2000,par,16,4x4,7,267.747,1,17.529,18.503,239.624,9.619
uns_2000x2000.txt,2000x2000,seq,1,-,8,138.086,1,,,,
uns_2000x2000.txt,2000x2000,par,1,1x1,8,333.775,1,14.065,123.883,200.836,9.056
uns_2000x2000.txt,2000x2000,par,2,2x1,8,292.331,1,18.168,78.664,203.365,10.302
uns_2000x2000.txt,2000x2000,par,4,2x2,8,263.009,1,18.541,35.063,217.657,10.289
uns_2000x2000.txt,2000x2000,par,8,4x2,8,265.202,1,17.281,25.251,229.249,10.702
uns_2000x2000.txt,2000x2000,par,16,4x4,8,290.476,1,15.057,23.220,254.811,12.445
uns_2000x2000.txt,2000x2000,seq,1,-,9,151.393,1,,,,
uns_2000x2000.txt,2000x2000,par,1,1x1,9,316.426,1,15.385,107.977,199.782,8.667
uns_2000x2000.txt,2000x2000,par,2,2x1,9,276.076,1,14.324,70.037,197.242,8.796
uns_2000x2000.txt,2000x2000,par,4,2x2,9,264.103,1,17.410,36.590,217.570,9.943
uns_2000x2000.txt,2000x2000,par,8,4x2,9,259.884,1,15.113,26.316,222.776,10.792
uns_2000x2000.txt,2000x2000,par,16,4x4,9,253.840,1,17.411,19.475,225.524,8.841
uns_2000x2000.txt,2000x2000,seq,1,-,10,103.080,1,,,,
uns_2000x2000.txt,2000x2000,par,1,1x1,10,311.359,1,14.732,112.997,187.057,11.304
uns_2000x2000.txt,2000x2000,par,2,2x1,10,313.647,1,15.586,71.953,230.130,11.562
uns_2000x2000.txt,2000x2000,par,4,2x2,10,273.496,1,16.336,37.564,226.120,9.811
uns_2000x2000.txt,2000x2000,par,8,4x2,10,263.653,1,14.730,23.172,229.212,11.269
uns_2000x2000.txt,2000x2000,par,16,4x4,10,291.054,1,13.427,21.155,251.577,18.322
rand30_4000x4000.txt,4000x4000,seq,1,-,1,520.416,756558,,,,
rand30_4000x4000.txt,4000x4000,par,1,1x1,1,1042.433,756558,73.277,489.506,429.968,122.959
rand30_4000x4000.txt,4000x4000,par,2,2x1,1,806.601,756558,55.558,264.281,418.673,123.647
rand30_4000x4000.txt,4000x4000,par,4,2x2,1,692.931,756558,60.020,140.674,419.336,132.921
rand30_4000x4000.txt,4000x4000,par,8,4x2,1,617.675,756558,65.036,89.520,410.043,118.111
rand30_4000x4000.txt,4000x4000,par,16,4x4,1,671.869,756558,61.296,60.434,468.583,142.852
rand30_4000x4000.txt,4000x4000,seq,1,-,2,516.901,756558,,,,
rand30_4000x4000.txt,4000x4000,par,1,1x1,2,967.429,756558,58.835,455.620,395.716,116.093
rand30_4000x4000.txt,4000x4000,par,2,2x1,2,827.638,756558,84.424,306.982,399.732,120.924
rand30_4000x4000.txt,4000x4000,par,4,2x2,2,653.018,756558,57.866,139.502,399.681,113.834
rand30_4000x4000.txt,4000x4000,par,8,4x2,2,670.187,756558,68.191,100.165,455.044,114.978
rand30_4000x4000.txt,4000x4000,par,16,4x4,2,649.118,756558,61.156,72.292,450.016,126.809
rand30_4000x4000.txt,4000x4000,seq,1,-,3,461.475,756558,,,,
rand30_4000x4000.txt,4000x4000,par,1,1x1,3,1107.431,756558,56.736,546.304,449.475,111.652
rand30_4000x4000.txt,4000x4000,par,2,2x1,3,798.742,756558,63.355,263.772,419.798,115.172
rand30_4000x4000.txt,4000x4000,par,4,2x2,3,673.802,756558,63.906,142.102,418.147,113.554
rand30_4000x4000.txt,4000x4000,par,8,4x2,3,691.597,756558,57.798,90.496,458.527,142.573
rand30_4000x4000.txt,4000x4000,par,16,4x4,3,574.810,756558,61.379,66.404,396.503,111.902
rand30_4000x4000.txt,4000x4000,seq,1,-,4,467.296,756558,,,,
rand30_4000x4000.txt,4000x4000,par,1,1x1,4,1036.658,756558,65.773,502.959,416.519,117.179
rand30_4000x4000.txt,4000x4000,par,2,2x1,4,814.214,756558,64.913,264.139,429.506,120.569
rand30_4000x4000.txt,4000x4000,par,4,2x2,4,708.391,756558,63.306,152.467,426.200,129.724
rand30_4000x4000.txt,4000x4000,par,8,4x2,4,643.813,756558,64.547,97.218,422.744,123.850
rand30_4000x4000.txt,4000x4000,par,16,4x4,4,612.557,756558,59.280,68.580,416.954,127.023
rand30_4000x4000.txt,4000x4000,seq,1,-,5,505.149,756558,,,,
rand30_4000x4000.txt,4000x4000,par,1,1x1,5,1136.790,756558,66.038,450.288,542.544,143.958
rand30_4000x4000.txt,4000x4000,par,2,2x1,5,882.679,756558,80.186,276.948,468.759,136.972
rand30_4000x4000.txt,4000x4000,par,4,2x2,5,662.772,756558,63.510,143.822,397.896,121.053
rand30_4000x4000.txt,4000x4000,par,8,4x2,5,634.400,756558,56.424,93.703,415.290,125.407
rand30_4000x4000.txt,4000x4000,par,16,4x4,5,620.110,756558,65.107,67.900,432.309,119.901
